{
    "name": "root",
    "gauges": {
        "SimpleBehavior.Policy.Entropy.mean": {
            "value": 3.9728715419769287,
            "min": 3.9728715419769287,
            "max": 3.984153985977173,
            "count": 4
        },
        "SimpleBehavior.Policy.Entropy.sum": {
            "value": 39951.1953125,
            "min": 39200.75,
            "max": 41690.1875,
            "count": 4
        },
        "SimpleBehavior.Environment.EpisodeLength.mean": {
            "value": 231.70454545454547,
            "min": 194.84848484848484,
            "max": 327.1111111111111,
            "count": 4
        },
        "SimpleBehavior.Environment.EpisodeLength.sum": {
            "value": 10195.0,
            "min": 6430.0,
            "max": 11059.0,
            "count": 4
        },
        "SimpleBehavior.Step.mean": {
            "value": 39938.0,
            "min": 9983.0,
            "max": 39938.0,
            "count": 4
        },
        "SimpleBehavior.Step.sum": {
            "value": 39938.0,
            "min": 9983.0,
            "max": 39938.0,
            "count": 4
        },
        "SimpleBehavior.Policy.ExtrinsicValueEstimate.mean": {
            "value": -18.981882095336914,
            "min": -18.981882095336914,
            "max": -0.7098708748817444,
            "count": 4
        },
        "SimpleBehavior.Policy.ExtrinsicValueEstimate.sum": {
            "value": -3397.7568359375,
            "min": -3397.7568359375,
            "max": -132.745849609375,
            "count": 4
        },
        "SimpleBehavior.Environment.CumulativeReward.mean": {
            "value": -247.4,
            "min": -393.5769230769231,
            "max": -219.72727272727272,
            "count": 4
        },
        "SimpleBehavior.Environment.CumulativeReward.sum": {
            "value": -11133.0,
            "min": -12347.0,
            "max": -7251.0,
            "count": 4
        },
        "SimpleBehavior.Policy.ExtrinsicReward.mean": {
            "value": -247.4,
            "min": -393.5769230769231,
            "max": -219.72727272727272,
            "count": 4
        },
        "SimpleBehavior.Policy.ExtrinsicReward.sum": {
            "value": -11133.0,
            "min": -12347.0,
            "max": -7251.0,
            "count": 4
        },
        "SimpleBehavior.IsTraining.mean": {
            "value": 1.0,
            "min": 1.0,
            "max": 1.0,
            "count": 4
        },
        "SimpleBehavior.IsTraining.sum": {
            "value": 1.0,
            "min": 1.0,
            "max": 1.0,
            "count": 4
        },
        "SimpleBehavior.Losses.PolicyLoss.mean": {
            "value": 0.019072605399317884,
            "min": 0.019072605399317884,
            "max": 0.019072605399317884,
            "count": 1
        },
        "SimpleBehavior.Losses.PolicyLoss.sum": {
            "value": 0.019072605399317884,
            "min": 0.019072605399317884,
            "max": 0.019072605399317884,
            "count": 1
        },
        "SimpleBehavior.Losses.ValueLoss.mean": {
            "value": 294.70951080322266,
            "min": 294.70951080322266,
            "max": 294.70951080322266,
            "count": 1
        },
        "SimpleBehavior.Losses.ValueLoss.sum": {
            "value": 294.70951080322266,
            "min": 294.70951080322266,
            "max": 294.70951080322266,
            "count": 1
        },
        "SimpleBehavior.Policy.LearningRate.mean": {
            "value": 0.000287709004097,
            "min": 0.000287709004097,
            "max": 0.000287709004097,
            "count": 1
        },
        "SimpleBehavior.Policy.LearningRate.sum": {
            "value": 0.000287709004097,
            "min": 0.000287709004097,
            "max": 0.000287709004097,
            "count": 1
        },
        "SimpleBehavior.Policy.Epsilon.mean": {
            "value": 0.19590300000000008,
            "min": 0.19590300000000008,
            "max": 0.19590300000000008,
            "count": 1
        },
        "SimpleBehavior.Policy.Epsilon.sum": {
            "value": 0.19590300000000008,
            "min": 0.19590300000000008,
            "max": 0.19590300000000008,
            "count": 1
        },
        "SimpleBehavior.Policy.Beta.mean": {
            "value": 0.09590340970000001,
            "min": 0.09590340970000001,
            "max": 0.09590340970000001,
            "count": 1
        },
        "SimpleBehavior.Policy.Beta.sum": {
            "value": 0.09590340970000001,
            "min": 0.09590340970000001,
            "max": 0.09590340970000001,
            "count": 1
        }
    },
    "metadata": {
        "timer_format_version": "0.1.0",
        "start_time_seconds": "1622788511",
        "python_version": "3.9.2 (tags/v3.9.2:1a79785, Feb 19 2021, 13:44:55) [MSC v.1928 64 bit (AMD64)]",
        "command_line_arguments": "C:\\Users\\kelly\\AppData\\Local\\Programs\\Python\\Python39\\Scripts\\mlagents-learn config/RayBehavior.yaml --run-id=RayT15",
        "mlagents_version": "0.26.0",
        "mlagents_envs_version": "0.26.0",
        "communication_protocol_version": "1.5.0",
        "pytorch_version": "1.7.1+cu110",
        "numpy_version": "1.20.1",
        "end_time_seconds": "1622788960"
    },
    "total": 449.69707730000005,
    "count": 1,
    "self": 0.020588000000032025,
    "children": {
        "run_training.setup": {
            "total": 0.14945969999999997,
            "count": 1,
            "self": 0.14945969999999997
        },
        "TrainerController.start_learning": {
            "total": 449.5270296,
            "count": 1,
            "self": 0.12321669999880669,
            "children": {
                "TrainerController._reset_env": {
                    "total": 12.7822362,
                    "count": 1,
                    "self": 12.7822362
                },
                "TrainerController.advance": {
                    "total": 436.3272995000012,
                    "count": 3997,
                    "self": 0.11948190000083514,
                    "children": {
                        "env_step": {
                            "total": 411.34250790000016,
                            "count": 3997,
                            "self": 398.93495969999867,
                            "children": {
                                "SubprocessEnvManager._take_step": {
                                    "total": 12.328821100000466,
                                    "count": 3997,
                                    "self": 0.3394691000011587,
                                    "children": {
                                        "TorchPolicy.evaluate": {
                                            "total": 11.989351999999307,
                                            "count": 3851,
                                            "self": 1.629385499998504,
                                            "children": {
                                                "TorchPolicy.sample_actions": {
                                                    "total": 10.359966500000803,
                                                    "count": 3851,
                                                    "self": 10.359966500000803
                                                }
                                            }
                                        }
                                    }
                                },
                                "workers": {
                                    "total": 0.07872710000100014,
                                    "count": 3996,
                                    "self": 0.0,
                                    "children": {
                                        "worker_root": {
                                            "total": 436.1692958999987,
                                            "count": 3996,
                                            "is_parallel": true,