{
    "name": "root",
    "gauges": {
        "SimpleBehavior.Policy.Entropy.mean": {
            "value": 3.9194538593292236,
            "min": 3.9194538593292236,
            "max": 3.9194538593292236,
            "count": 1
        },
        "SimpleBehavior.Policy.Entropy.sum": {
            "value": 40730.96484375,
            "min": 40730.96484375,
            "max": 40730.96484375,
            "count": 1
        },
        "SimpleBehavior.Step.mean": {
            "value": 9968.0,
            "min": 9968.0,
            "max": 9968.0,
            "count": 1
        },
        "SimpleBehavior.Step.sum": {
            "value": 9968.0,
            "min": 9968.0,
            "max": 9968.0,
            "count": 1
        },
        "SimpleBehavior.Policy.ExtrinsicValueEstimate.mean": {
            "value": -0.2822984755039215,
            "min": -0.2822984755039215,
            "max": -0.2822984755039215,
            "count": 1
        },
        "SimpleBehavior.Policy.ExtrinsicValueEstimate.sum": {
            "value": -46.579246520996094,
            "min": -46.579246520996094,
            "max": -46.579246520996094,
            "count": 1
        },
        "SimpleBehavior.Environment.EpisodeLength.mean": {
            "value": 293.85714285714283,
            "min": 293.85714285714283,
            "max": 293.85714285714283,
            "count": 1
        },
        "SimpleBehavior.Environment.EpisodeLength.sum": {
            "value": 6171.0,
            "min": 6171.0,
            "max": 6171.0,
            "count": 1
        },
        "SimpleBehavior.Environment.CumulativeReward.mean": {
            "value": -310.09523691449846,
            "min": -310.09523691449846,
            "max": -310.09523691449846,
            "count": 1
        },
        "SimpleBehavior.Environment.CumulativeReward.sum": {
            "value": -6511.999975204468,
            "min": -6511.999975204468,
            "max": -6511.999975204468,
            "count": 1
        },
        "SimpleBehavior.Policy.ExtrinsicReward.mean": {
            "value": -310.09523691449846,
            "min": -310.09523691449846,
            "max": -310.09523691449846,
            "count": 1
        },
        "SimpleBehavior.Policy.ExtrinsicReward.sum": {
            "value": -6511.999975204468,
            "min": -6511.999975204468,
            "max": -6511.999975204468,
            "count": 1
        },
        "SimpleBehavior.IsTraining.mean": {
            "value": 1.0,
            "min": 1.0,
            "max": 1.0,
            "count": 1
        },
        "SimpleBehavior.IsTraining.sum": {
            "value": 1.0,
            "min": 1.0,
            "max": 1.0,
            "count": 1
        }
    },
    "metadata": {
        "timer_format_version": "0.1.0",
        "start_time_seconds": "1622871950",
        "python_version": "3.9.2 (tags/v3.9.2:1a79785, Feb 19 2021, 13:44:55) [MSC v.1928 64 bit (AMD64)]",
        "command_line_arguments": "C:\\Users\\kelly\\AppData\\Local\\Programs\\Python\\Python39\\Scripts\\mlagents-learn config/SimpleBehavior.yaml --run-id=FinalS1T8",
        "mlagents_version": "0.26.0",
        "mlagents_envs_version": "0.26.0",
        "communication_protocol_version": "1.5.0",
        "pytorch_version": "1.7.1+cu110",
        "numpy_version": "1.20.1",
        "end_time_seconds": "1622872052"
    },
    "total": 102.2858001,
    "count": 1,
    "self": 0.011697400000002744,
    "children": {
        "run_training.setup": {
            "total": 0.11118519999999998,
            "count": 1,
            "self": 0.11118519999999998
        },
        "TrainerController.start_learning": {
            "total": 102.1629175,
            "count": 1,
            "self": 0.03383880000004069,
            "children": {
                "TrainerController._reset_env": {
                    "total": 12.2906443,
                    "count": 1,
                    "self": 12.2906443
                },
                "TrainerController.advance": {
                    "total": 89.61406199999996,
                    "count": 1225,
                    "self": 0.03328569999980857,
                    "children": {
                        "env_step": {
                            "total": 88.4946053,
                            "count": 1225,
                            "self": 85.57739819999998,
                            "children": {
                                "SubprocessEnvManager._take_step": {
                                    "total": 2.8961737999999073,
                                    "count": 1225,
                                    "self": 0.09466899999968525,
                                    "children": {
                                        "TorchPolicy.evaluate": {
                                            "total": 2.801504800000222,
                                            "count": 1204,
                                            "self": 0.4474770000000028,
                                            "children": {
                                                "TorchPolicy.sample_actions": {
                                                    "total": 2.3540278000002193,
                                                    "count": 1204,
                                                    "self": 2.3540278000002193
                                                }
                                            }
                                        }
                                    }
                                },
                                "workers": {
                                    "total": 0.021033300000121713,
                                    "count": 1224,
                                    "self": 0.0,
                                    "children": {
                                        "worker_root": {
                                            "total": 89.53345480000009,
                                            "count": 1224,
                                            "is_parallel": true,
                                            "self": 6.301944500000232,
                                            "children": {
                                                "steps_from_proto": {
                                                    "total": 0.000640500000001154,
                                                    "count": 1,
                                                    "is_parallel": true,
                                                    "self": 0.00037150000000174543,
                                                    "children": {
                                                        "_process_rank_one_or_two_observation": {
                                                            "total": 0.0002689999999994086,
                                                            "count": 2,
                                                            "is_parallel": true,
                                                            "self": 0.0002689999999994086
                                                        }
                                                    }
                                                },
                                                "UnityEnvironment.step": {
                                                    "total": 83.23086979999985,
                                                    "count": 1224,
                                                    "is_parallel": true,
                                                    "self": 0.15522040000013249,
                                                    "children": {
                                                        "UnityEnvironment._generate_step_input": {
                                                            "total": 1.3698882999999906,
                                                            "count": 1224,