{
    "name": "root",
    "gauges": {
        "SimpleBehavior.Policy.Entropy.mean": {
            "value": 3.9588494300842285,
            "min": 3.9588494300842285,
            "max": 3.9588494300842285,
            "count": 1
        },
        "SimpleBehavior.Policy.Entropy.sum": {
            "value": 199842.71875,
            "min": 199842.71875,
            "max": 199842.71875,
            "count": 1
        },
        "SimpleBehavior.Step.mean": {
            "value": 49943.0,
            "min": 49943.0,
            "max": 49943.0,
            "count": 1
        },
        "SimpleBehavior.Step.sum": {
            "value": 49943.0,
            "min": 49943.0,
            "max": 49943.0,
            "count": 1
        },
        "SimpleBehavior.Policy.ExtrinsicValueEstimate.mean": {
            "value": -13.276323318481445,
            "min": -13.276323318481445,
            "max": -13.276323318481445,
            "count": 1
        },
        "SimpleBehavior.Policy.ExtrinsicValueEstimate.sum": {
            "value": -10820.203125,
            "min": -10820.203125,
            "max": -10820.203125,
            "count": 1
        },
        "SimpleBehavior.Environment.EpisodeLength.mean": {
            "value": 537.0365853658536,
            "min": 537.0365853658536,
            "max": 537.0365853658536,
            "count": 1
        },
        "SimpleBehavior.Environment.EpisodeLength.sum": {
            "value": 44037.0,
            "min": 44037.0,
            "max": 44037.0,
            "count": 1
        },
        "SimpleBehavior.Environment.CumulativeReward.mean": {
            "value": -289.390243902439,
            "min": -289.390243902439,
            "max": -289.390243902439,
            "count": 1
        },
        "SimpleBehavior.Environment.CumulativeReward.sum": {
            "value": -23730.0,
            "min": -23730.0,
            "max": -23730.0,
            "count": 1
        },
        "SimpleBehavior.Policy.ExtrinsicReward.mean": {
            "value": -289.390243902439,
            "min": -289.390243902439,
            "max": -289.390243902439,
            "count": 1
        },
        "SimpleBehavior.Policy.ExtrinsicReward.sum": {
            "value": -23730.0,
            "min": -23730.0,
            "max": -23730.0,
            "count": 1
        },
        "SimpleBehavior.Losses.PolicyLoss.mean": {
            "value": 0.02456128695487981,
            "min": 0.02456128695487981,
            "max": 0.02456128695487981,
            "count": 1
        },
        "SimpleBehavior.Losses.PolicyLoss.sum": {
            "value": 0.09824514781951924,
            "min": 0.09824514781951924,
            "max": 0.09824514781951924,
            "count": 1
        },
        "SimpleBehavior.Losses.ValueLoss.mean": {
            "value": 122.64762681325276,
            "min": 122.64762681325276,
            "max": 122.64762681325276,
            "count": 1
        },
        "SimpleBehavior.Losses.ValueLoss.sum": {
            "value": 490.590507253011,
            "min": 490.590507253011,
            "max": 490.590507253011,
            "count": 1
        },
        "SimpleBehavior.Policy.LearningRate.mean": {
            "value": 0.0002844405051865,
            "min": 0.0002844405051865,
            "max": 0.0002844405051865,
            "count": 1
        },
        "SimpleBehavior.Policy.LearningRate.sum": {
            "value": 0.001137762020746,
            "min": 0.001137762020746,
            "max": 0.001137762020746,
            "count": 1
        },
        "SimpleBehavior.Policy.Epsilon.mean": {
            "value": 0.1948135,
            "min": 0.1948135,
            "max": 0.1948135,
            "count": 1
        },
        "SimpleBehavior.Policy.Epsilon.sum": {
            "value": 0.779254,
            "min": 0.779254,
            "max": 0.779254,
            "count": 1
        },
        "SimpleBehavior.Policy.Beta.mean": {
            "value": 0.0047411936499999995,
            "min": 0.0047411936499999995,
            "max": 0.0047411936499999995,
            "count": 1
        },
        "SimpleBehavior.Policy.Beta.sum": {
            "value": 0.018964774599999998,
            "min": 0.018964774599999998,
            "max": 0.018964774599999998,
            "count": 1
        },
        "SimpleBehavior.IsTraining.mean": {
            "value": 1.0,
            "min": 1.0,
            "max": 1.0,
            "count": 1
        },
        "SimpleBehavior.IsTraining.sum": {
            "value": 1.0,
            "min": 1.0,
            "max": 1.0,
            "count": 1
        }
    },
    "metadata": {
        "timer_format_version": "0.1.0",
        "start_time_seconds": "1621922719",
        "python_version": "3.8.2 (tags/v3.8.2:7b3ab59, Feb 25 2020, 23:03:10) [MSC v.1916 64 bit (AMD64)]",
        "command_line_arguments": "C:\\Users\\Nathaniel\\AppData\\Local\\Programs\\Python\\Python38\\Scripts\\mlagents-learn C:\\Users\\Nathaniel\\Documents\\GitHub\\Space-Flotilla\\results\\freshtest\\configuration.yaml --run-id=freshtest --force",
        "mlagents_version": "0.26.0",
        "mlagents_envs_version": "0.26.0",
        "communication_protocol_version": "1.5.0",
        "pytorch_version": "1.7.1+cu110",
        "numpy_version": "1.20.3",
        "end_time_seconds": "1621923343"
    },
    "total": 623.8573945999999,
    "count": 1,
    "self": 0.019041199999833225,
    "children": {
        "run_training.setup": {
            "total": 0.2728267,
            "count": 1,
            "self": 0.2728267
        },
        "TrainerController.start_learning": {
            "total": 623.5655267000001,
            "count": 1,
            "self": 0.13052390000268588,
            "children": {
                "TrainerController._reset_env": {
                    "total": 15.187061200000002,
                    "count": 1,
                    "self": 15.187061200000002
                },
                "TrainerController.advance": {
                    "total": 607.7003430999974,
                    "count": 2971,
                    "self": 0.12937029999659444,
                    "children": {
                        "env_step": {
                            "total": 567.3797267000008,
                            "count": 2971,
                            "self": 539.9703328000028,
                            "children": {
                                "SubprocessEnvManager._take_step": {
                                    "total": 27.32329699999926,
                                    "count": 2971,
                                    "self": 0.4514571000003862,
                                    "children": {
                                        "TorchPolicy.evaluate": {
                                            "total": 26.871839899998875,
                                            "count": 2904,
                                            "self": 6.684634499998417,
                                            "children": {
                                                "TorchPolicy.sample_actions": {
                                                    "total": 20.187205400000458,
                                                    "count": 2904,
                                                    "self": 20.187205400000458
                                                }
                                            }
                                        }
                                    }
                                },
                                "workers": {
                                    "total": 0.08609689999877546,
                                    "count": 2970,
                                    "self": 0.0,
                                    "children": {
                                        "worker_root": {
                                            "total": 610.5420483999981,
                                            "count": 2970,