{
    "name": "root",
    "gauges": {
        "SimpleBehavior.Policy.Entropy.mean": {
            "value": 3.8416671752929688,
            "min": 3.8416671752929688,
            "max": 3.8416671752929688,
            "count": 1
        },
        "SimpleBehavior.Policy.Entropy.sum": {
            "value": 193435.625,
            "min": 193435.625,
            "max": 193435.625,
            "count": 1
        },
        "SimpleBehavior.Environment.EpisodeLength.mean": {
            "value": 229.79,
            "min": 229.79,
            "max": 229.79,
            "count": 1
        },
        "SimpleBehavior.Environment.EpisodeLength.sum": {
            "value": 45958.0,
            "min": 45958.0,
            "max": 45958.0,
            "count": 1
        },
        "SimpleBehavior.Step.mean": {
            "value": 49998.0,
            "min": 49998.0,
            "max": 49998.0,
            "count": 1
        },
        "SimpleBehavior.Step.sum": {
            "value": 49998.0,
            "min": 49998.0,
            "max": 49998.0,
            "count": 1
        },
        "SimpleBehavior.Policy.ExtrinsicValueEstimate.mean": {
            "value": -24.730010986328125,
            "min": -24.730010986328125,
            "max": -24.730010986328125,
            "count": 1
        },
        "SimpleBehavior.Policy.ExtrinsicValueEstimate.sum": {
            "value": -21984.98046875,
            "min": -21984.98046875,
            "max": -21984.98046875,
            "count": 1
        },
        "SimpleBehavior.Environment.CumulativeReward.mean": {
            "value": -190.565,
            "min": -190.565,
            "max": -190.565,
            "count": 1
        },
        "SimpleBehavior.Environment.CumulativeReward.sum": {
            "value": -38113.0,
            "min": -38113.0,
            "max": -38113.0,
            "count": 1
        },
        "SimpleBehavior.Policy.ExtrinsicReward.mean": {
            "value": -190.565,
            "min": -190.565,
            "max": -190.565,
            "count": 1
        },
        "SimpleBehavior.Policy.ExtrinsicReward.sum": {
            "value": -38113.0,
            "min": -38113.0,
            "max": -38113.0,
            "count": 1
        },
        "SimpleBehavior.Losses.PolicyLoss.mean": {
            "value": 0.021889336755460436,
            "min": 0.021889336755460436,
            "max": 0.021889336755460436,
            "count": 1
        },
        "SimpleBehavior.Losses.PolicyLoss.sum": {
            "value": 0.08755734702184174,
            "min": 0.08755734702184174,
            "max": 0.08755734702184174,
            "count": 1
        },
        "SimpleBehavior.Losses.ValueLoss.mean": {
            "value": 148.61991386413575,
            "min": 148.61991386413575,
            "max": 148.61991386413575,
            "count": 1
        },
        "SimpleBehavior.Losses.ValueLoss.sum": {
            "value": 594.479655456543,
            "min": 594.479655456543,
            "max": 594.479655456543,
            "count": 1
        },
        "SimpleBehavior.Policy.LearningRate.mean": {
            "value": 0.00028459440513519996,
            "min": 0.00028459440513519996,
            "max": 0.00028459440513519996,
            "count": 1
        },
        "SimpleBehavior.Policy.LearningRate.sum": {
            "value": 0.0011383776205407998,
            "min": 0.0011383776205407998,
            "max": 0.0011383776205407998,
            "count": 1
        },
        "SimpleBehavior.Policy.Epsilon.mean": {
            "value": 0.19486480000000003,
            "min": 0.19486480000000003,
            "max": 0.19486480000000003,
            "count": 1
        },
        "SimpleBehavior.Policy.Epsilon.sum": {
            "value": 0.7794592000000001,
            "min": 0.7794592000000001,
            "max": 0.7794592000000001,
            "count": 1
        },
        "SimpleBehavior.Policy.Beta.mean": {
            "value": 0.0047437535199999995,
            "min": 0.0047437535199999995,
            "max": 0.0047437535199999995,
            "count": 1
        },
        "SimpleBehavior.Policy.Beta.sum": {
            "value": 0.018975014079999998,
            "min": 0.018975014079999998,
            "max": 0.018975014079999998,
            "count": 1
        },
        "SimpleBehavior.IsTraining.mean": {
            "value": 1.0,
            "min": 1.0,
            "max": 1.0,
            "count": 1
        },
        "SimpleBehavior.IsTraining.sum": {
            "value": 1.0,
            "min": 1.0,
            "max": 1.0,
            "count": 1
        }
    },
    "metadata": {
        "timer_format_version": "0.1.0",
        "start_time_seconds": "1622732208",
        "python_version": "3.9.2 (tags/v3.9.2:1a79785, Feb 19 2021, 13:44:55) [MSC v.1928 64 bit (AMD64)]",
        "command_line_arguments": "C:\\Users\\kelly\\AppData\\Local\\Programs\\Python\\Python39\\Scripts\\mlagents-learn config/SimpleBehavior.yaml --run-id=S1T3",
        "mlagents_version": "0.26.0",
        "mlagents_envs_version": "0.26.0",
        "communication_protocol_version": "1.5.0",
        "pytorch_version": "1.7.1+cu110",
        "numpy_version": "1.20.1",
        "end_time_seconds": "1622732661"
    },
    "total": 452.3661513,
    "count": 1,
    "self": 0.023049700000058237,
    "children": {
        "run_training.setup": {
            "total": 0.15469259999999996,
            "count": 1,
            "self": 0.15469259999999996
        },
        "TrainerController.start_learning": {
            "total": 452.188409,
            "count": 1,
            "self": 0.17209829999961812,
            "children": {
                "TrainerController._reset_env": {
                    "total": 12.464097200000001,
                    "count": 1,
                    "self": 12.464097200000001
                },
                "TrainerController.advance": {
                    "total": 439.23265320000036,
                    "count": 5510,
                    "self": 0.16616140000132873,
                    "children": {
                        "env_step": {
                            "total": 408.8336131999999,
                            "count": 5510,
                            "self": 392.89771690000174,
                            "children": {
                                "SubprocessEnvManager._take_step": {
                                    "total": 15.829690800000472,
                                    "count": 5510,
                                    "self": 0.47785330000285775,
                                    "children": {
                                        "TorchPolicy.evaluate": {
                                            "total": 15.351837499997615,
                                            "count": 5314,
                                            "self": 2.4415205999987766,
                                            "children": {
                                                "TorchPolicy.sample_actions": {
                                                    "total": 12.910316899998838,
                                                    "count": 5314,
                                                    "self": 12.910316899998838
                                                }
                                            }
                                        }
                                    }
                                },
                                "workers": {
                                    "total": 0.10620549999769935,
                                    "count": 5509,
                                    "self": 0.0,
                                    "children": {
                                        "worker_root": {
                                            "total": 439.0591780000001,
                                            "count": 5509,
                                            "is_parallel": true,