{
    "name": "root",
    "gauges": {
        "SimpleBehavior.Policy.Entropy.mean": {
            "value": 1.5178120136260986,
            "min": 1.5178120136260986,
            "max": 3.9331696033477783,
            "count": 50
        },
        "SimpleBehavior.Policy.Entropy.sum": {
            "value": 15348.115234375,
            "min": 15121.421875,
            "max": 41219.6171875,
            "count": 50
        },
        "SimpleBehavior.Environment.LessonNumber.num_enemies.mean": {
            "value": 0.0,
            "min": 0.0,
            "max": 0.0,
            "count": 50
        },
        "SimpleBehavior.Environment.LessonNumber.num_enemies.sum": {
            "value": 0.0,
            "min": 0.0,
            "max": 0.0,
            "count": 50
        },
        "SimpleBehavior.Environment.EpisodeLength.mean": {
            "value": 69.41610738255034,
            "min": 62.851612903225806,
            "max": 141.7123287671233,
            "count": 50
        },
        "SimpleBehavior.Environment.EpisodeLength.sum": {
            "value": 10343.0,
            "min": 8946.0,
            "max": 10654.0,
            "count": 50
        },
        "SimpleBehavior.Step.mean": {
            "value": 499957.0,
            "min": 9983.0,
            "max": 499957.0,
            "count": 50
        },
        "SimpleBehavior.Step.sum": {
            "value": 499957.0,
            "min": 9983.0,
            "max": 499957.0,
            "count": 50
        },
        "SimpleBehavior.Policy.ExtrinsicValueEstimate.mean": {
            "value": 0.6532412171363831,
            "min": -0.5091221332550049,
            "max": 0.6532412171363831,
            "count": 50
        },
        "SimpleBehavior.Policy.ExtrinsicValueEstimate.sum": {
            "value": 151.5519561767578,
            "min": -103.35179138183594,
            "max": 151.5519561767578,
            "count": 50
        },
        "SimpleBehavior.Environment.CumulativeReward.mean": {
            "value": 0.7523489923985213,
            "min": -0.8506493588740175,
            "max": 0.7913385816798435,
            "count": 50
        },
        "SimpleBehavior.Environment.CumulativeReward.sum": {
            "value": 112.09999986737967,
            "min": -70.00000088661909,
            "max": 112.09999986737967,
            "count": 50
        },
        "SimpleBehavior.Policy.ExtrinsicReward.mean": {
            "value": 0.7523489923985213,
            "min": -0.8506493588740175,
            "max": 0.7913385816798435,
            "count": 50
        },
        "SimpleBehavior.Policy.ExtrinsicReward.sum": {
            "value": 112.09999986737967,
            "min": -70.00000088661909,
            "max": 112.09999986737967,
            "count": 50
        },
        "SimpleBehavior.Losses.PolicyLoss.mean": {
            "value": 0.12165750475303484,
            "min": 0.11695168061486545,
            "max": 0.13457867195934167,
            "count": 50
        },
        "SimpleBehavior.Losses.PolicyLoss.sum": {
            "value": 0.36497251425910454,
            "min": 0.35085504184459637,
            "max": 0.5253094549701438,
            "count": 50
        },
        "SimpleBehavior.Losses.ValueLoss.mean": {
            "value": 0.13136112817298032,
            "min": 0.002116692167549626,
            "max": 0.2440450908896525,
            "count": 50
        },
        "SimpleBehavior.Losses.ValueLoss.sum": {
            "value": 0.394083384518941,
            "min": 0.008466768670198504,
            "max": 0.7321352726689575,
            "count": 50
        },
        "SimpleBehavior.Policy.LearningRate.mean": {
            "value": 2.941499019533338e-06,
            "min": 2.941499019533338e-06,
            "max": 0.0002962806012398,
            "count": 50
        },
        "SimpleBehavior.Policy.LearningRate.sum": {
            "value": 8.824497058600015e-06,
            "min": 8.824497058600015e-06,
            "max": 0.0010922124359292,
            "count": 50
        },
        "SimpleBehavior.Policy.Epsilon.mean": {
            "value": 0.10098046666666667,
            "min": 0.10098046666666667,
            "max": 0.19876020000000003,
            "count": 50
        },
        "SimpleBehavior.Policy.Epsilon.sum": {
            "value": 0.3029414,
            "min": 0.3029414,
            "max": 0.7640708,
            "count": 50
        },
        "SimpleBehavior.Policy.Beta.mean": {
            "value": 1.4804286666666676e-05,
            "min": 1.4804286666666676e-05,
            "max": 0.00049392498,
            "count": 50
        },
        "SimpleBehavior.Policy.Beta.sum": {
            "value": 4.441286000000003e-05,
            "min": 4.441286000000003e-05,
            "max": 0.00182394692,
            "count": 50
        },
        "SimpleBehavior.IsTraining.mean": {
            "value": 1.0,
            "min": 1.0,
            "max": 1.0,
            "count": 50
        },
        "SimpleBehavior.IsTraining.sum": {
            "value": 1.0,
            "min": 1.0,
            "max": 1.0,
            "count": 50
        }
    },
    "metadata": {
        "timer_format_version": "0.1.0",
        "start_time_seconds": "1622891822",
        "python_version": "3.9.5 (tags/v3.9.5:0a7dcbd, May  3 2021, 17:27:52) [MSC v.1928 64 bit (AMD64)]",
        "command_line_arguments": "C:\\Users\\Ryan\\OneDrive - RMIT University\\Desktop\\RMIT\\Y3S1\\Games and AI\\Space Flotilla\\venv\\Scripts\\mlagents-learn results/CurriculumImproved/configuration.yaml --run-id=CurriculumImproved --force",
        "mlagents_version": "0.26.0",
        "mlagents_envs_version": "0.26.0",
        "communication_protocol_version": "1.5.0",
        "pytorch_version": "1.7.1+cu110",
        "numpy_version": "1.20.3",
        "end_time_seconds": "1622895052"
    },
    "total": 3230.5067378,
    "count": 1,
    "self": 0.011476399999992282,
    "children": {
        "run_training.setup": {
            "total": 0.08429870000000017,
            "count": 1,
            "self": 0.08429870000000017
        },
        "TrainerController.start_learning": {
            "total": 3230.4109627,
            "count": 1,
            "self": 0.76971739998271,
            "children": {
                "TrainerController._reset_env": {
                    "total": 4.7474021,
                    "count": 1,
                    "self": 4.7474021
                },
                "TrainerController.advance": {
                    "total": 3224.6546969000174,
                    "count": 35366,
                    "self": 1.040481899999122,
                    "children": {
                        "env_step": {
                            "total": 1722.1622386999775,
                            "count": 35366,
                            "self": 1608.6740990999447,
                            "children": {
                                "SubprocessEnvManager._take_step": {
                                    "total": 113.108422799993,
                                    "count": 35366,
                                    "self": 1.7698744999615457,
                                    "children": {
                                        "TorchPolicy.evaluate": {
                                            "total": 111.33854830003145,
                                            "count": 31281,
                                            "self": 30.307171600013376,
                                            "children": {
                                                "TorchPolicy.sample_actions": {
                                                    "total": 81.03137670001807,
                                                    "count": 31281,