{"count":1,"self":13.6165696,"total":57.8508344,"children":{"InitializeActuators":{"count":1,"self":0.0029928999999999997,"total":0.0029928999999999997,"children":null},"InitializeSensors":{"count":1,"self":0.0039892999999999994,"total":0.0039892999999999994,"children":null},"AgentSendState":{"count":7301,"self":0.7507671,"total":2.8668793,"children":{"CollectObservations":{"count":1461,"self":0.0627446,"total":0.0627446,"children":null},"WriteActionMask":{"count":1461,"self":0.020606,"total":0.020606,"children":null},"RequestDecision":{"count":1461,"self":0.10293319999999999,"total":2.0327615999999997,"children":{"AgentInfo.ToProto":{"count":1461,"self":0.0825178,"total":1.9298283999999999,"children":{"GenerateSensorData":{"count":1461,"self":1.7974577999999999,"total":1.8473106,"children":{"RayPerceptionSensor.Perceive":{"count":1461,"self":0.049852799999999996,"total":0.049852799999999996,"children":null}}}}}}}}},"DecideAction":{"count":7301,"self":41.1322976,"total":41.1322981,"children":null},"AgentAct":{"count":7301,"self":0.22367959999999998,"total":0.22367959999999998,"children":null},"AgentInfo.ToProto":{"count":1,"self":0,"total":0.00090299999999999994,"children":{"GenerateSensorData":{"count":1,"self":0.00090299999999999994,"total":0.00090299999999999994,"children":{"RayPerceptionSensor.Perceive":{"count":1,"self":0,"total":0,"children":null}}}}}},"gauges":{"SimpleBehavior.CumulativeReward":{"count":1,"max":-1540,"min":-1540,"runningAverage":-1540,"value":-1540,"weightedAverage":-1540}},"metadata":{"timer_format_version":"0.1.0","start_time_seconds":"1621912451","unity_version":"2019.4.21f1","command_line_arguments":"C:\\Program Files\\Unity\\Hub\\Editor\\2019.4.21f1\\Editor\\Unity.exe -projectpath C:\/Users\/Nathaniel\/Documents\/GitHub\/Space-Flotilla -useHub -hubIPC -cloudEnvironment production -hubSessionId d73ec430-b700-11eb-873d-55029280a0f2 -accessToken wBIVotezrktZmwtSii-sqtaQKqnpjj9seWczW0DUzaw00ff","communication_protocol_version":"1.5.0","com.unity.ml-agents_version":"2.0.0-pre.3","scene_name":"BasicScene","end_time_seconds":"1621912509"}}