{"count":1,"self":611.8838784,"total":1281.2571106,"children":{"InitializeActuators":{"count":30,"self":0.0020322,"total":0.0020322,"children":null},"InitializeSensors":{"count":30,"self":0.0059927,"total":0.0059927,"children":null},"AgentSendState":{"count":50151,"self":103.5282112,"total":271.45169599999997,"children":{"CollectObservations":{"count":300930,"self":6.3693504,"total":6.3693504,"children":null},"WriteActionMask":{"count":300930,"self":1.2489682,"total":1.2489682,"children":null},"RequestDecision":{"count":300930,"self":4.2230516,"total":160.3051674,"children":{"AgentInfo.ToProto":{"count":300930,"self":4.4703295999999995,"total":156.0821159,"children":{"GenerateSensorData":{"count":300930,"self":147.4359936,"total":151.6117861,"children":{"RayPerceptionSensor.Perceive":{"count":300930,"self":4.1757935999999996,"total":4.1757937,"children":null}}}}}}}}},"DecideAction":{"count":50151,"self":392.75960319999996,"total":392.75961259999997,"children":null},"AgentAct":{"count":50151,"self":4.8660612,"total":4.8720706,"children":{"AgentInfo.ToProto":{"count":8,"self":0,"total":0.0060092999999999995,"children":{"GenerateSensorData":{"count":8,"self":0.005018,"total":0.0060092999999999995,"children":{"RayPerceptionSensor.Perceive":{"count":8,"self":0.00099129999999999986,"total":0.00099129999999999986,"children":null}}}}}}},"AgentInfo.ToProto":{"count":388,"self":0.0059838999999999995,"total":0.2808178,"children":{"GenerateSensorData":{"count":388,"self":0.2698201,"total":0.27483389999999996,"children":{"RayPerceptionSensor.Perceive":{"count":388,"self":0.0050138,"total":0.0050138,"children":null}}}}}},"gauges":{"SimpleBehavior.CumulativeReward":{"count":396,"max":35,"min":24.0999756,"runningAverage":33.44114,"value":32.6,"weightedAverage":33.02076}},"metadata":{"timer_format_version":"0.1.0","start_time_seconds":"1622899737","unity_version":"2019.4.24f1","command_line_arguments":"C:\\Program Files\\Unity\\Hub\\Editor\\2019.4.24f1\\Editor\\Unity.exe -projectpath C:\/Users\/talal\/Desktop\/Uni-AI\/Space-Flotilla -useHub -hubIPC -cloudEnvironment production -hubSessionId 8f86c3f0-c5d2-11eb-98ee-29f842381adb","communication_protocol_version":"1.5.0","com.unity.ml-agents_version":"2.0.0-pre.3","scene_name":"BasicScene","end_time_seconds":"1622901018"}}