{"count":1,"self":25.0965648,"total":25.196757599999998,"children":{"InitializeActuators":{"count":3,"self":0.0029961,"total":0.0029961,"children":null},"InitializeSensors":{"count":3,"self":0.0029533,"total":0.0029533,"children":null},"AgentSendState":{"count":1004,"self":0.0593323,"total":0.078323999999999991,"children":{"CollectObservations":{"count":603,"self":0.0058994,"total":0.0058994,"children":null},"WriteActionMask":{"count":603,"self":0.0030280999999999997,"total":0.0030280999999999997,"children":null},"RequestDecision":{"count":603,"self":0.0070723999999999995,"total":0.010064199999999999,"children":{"RayPerceptionSensor.Perceive":{"count":603,"self":0.0029917999999999998,"total":0.0029917999999999998,"children":null}}}}},"DecideAction":{"count":1004,"self":0.010005199999999999,"total":0.010005199999999999,"children":null},"AgentAct":{"count":1004,"self":0.0049175999999999994,"total":0.0049175999999999994,"children":null},"RayPerceptionSensor.Perceive":{"count":11,"self":0,"total":0,"children":null}},"gauges":{"SimpleBehavior.CumulativeReward":{"count":11,"max":40,"min":-130,"runningAverage":-22.727272,"value":0,"weightedAverage":-11.18371}},"metadata":{"timer_format_version":"0.1.0","start_time_seconds":"1621254315","unity_version":"2019.4.24f1","command_line_arguments":"C:\\Program Files\\Unity\\Hub\\Editor\\2019.4.24f1\\Editor\\Unity.exe -projectpath C:\/Users\/talal\/Desktop\/Uni-AI\/Space-Flotilla -useHub -hubIPC -cloudEnvironment production -hubSessionId f9cf4670-b6c7-11eb-b901-290116c72727","communication_protocol_version":"1.5.0","com.unity.ml-agents_version":"2.0.0-pre.3","scene_name":"BasicScene","end_time_seconds":"1621254340"}}