{"count":1,"self":1593.7115136,"total":5988.3887940999994,"children":{"InitializeActuators":{"count":12,"self":0.0019947,"total":0.0019947,"children":null},"InitializeSensors":{"count":12,"self":0.0059838999999999995,"total":0.0059838999999999995,"children":null},"AgentSendState":{"count":208517,"self":146.2832896,"total":571.4160455,"children":{"CollectObservations":{"count":500448,"self":12.127096,"total":12.127095599999999,"children":null},"WriteActionMask":{"count":500448,"self":4.2182612,"total":4.2182612,"children":null},"RequestDecision":{"count":500448,"self":14.1975232,"total":408.78740469999997,"children":{"AgentInfo.ToProto":{"count":500448,"self":15.6185184,"total":394.5898823,"children":{"GenerateSensorData":{"count":500448,"self":368.8377344,"total":378.97136309999996,"children":{"RayPerceptionSensor.Perceive":{"count":500448,"self":10.1336336,"total":10.1336333,"children":null}}}}}}}}},"DecideAction":{"count":208517,"self":3805.5972864,"total":3805.5973673999997,"children":null},"AgentAct":{"count":208517,"self":16.717855999999998,"total":16.7757438,"children":{"AgentInfo.ToProto":{"count":81,"self":0.0039872,"total":0.057887799999999996,"children":{"GenerateSensorData":{"count":81,"self":0.0529027,"total":0.0539006,"children":{"RayPerceptionSensor.Perceive":{"count":81,"self":0.0009979,"total":0.0009979,"children":null}}}}}}},"AgentInfo.ToProto":{"count":1059,"self":0.0513483,"total":0.87407419999999991,"children":{"GenerateSensorData":{"count":1059,"self":0.7938351,"total":0.8227259,"children":{"RayPerceptionSensor.Perceive":{"count":1059,"self":0.028890799999999998,"total":0.028890799999999998,"children":null}}}}}},"gauges":{"SimpleBehavior.CumulativeReward":{"count":1140,"max":4.70000029,"min":-13.80002,"runningAverage":0.929912448,"value":1.00000024,"weightedAverage":1.30386662}},"metadata":{"timer_format_version":"0.1.0","start_time_seconds":"1622801919","unity_version":"2019.4.21f1","command_line_arguments":"C:\\Program Files\\Unity\\Hub\\Editor\\2019.4.21f1\\Editor\\Unity.exe -projectpath C:\/Users\/Nathaniel\/Documents\/GitHub\/Space-Flotilla -useHub -hubIPC -cloudEnvironment production -hubSessionId 8ffd31b0-c4fc-11eb-b4a9-35f559ac0f6b -accessToken P5S84a7p0cz46Q0tSkz-F6R-1IBRQtJRngHSUcWmpr400ff","communication_protocol_version":"1.5.0","com.unity.ml-agents_version":"2.0.0-pre.3","scene_name":"BasicScene","end_time_seconds":"1622807907"}}