{"count":1,"self":1335.2300544,"total":4537.2475677,"children":{"InitializeActuators":{"count":9,"self":0.0020047999999999997,"total":0.0020047999999999997,"children":null},"InitializeSensors":{"count":9,"self":0.0049869,"total":0.0049869,"children":null},"AgentSendState":{"count":277967,"self":107.48021759999999,"total":422.9897223,"children":{"CollectObservations":{"count":500346,"self":8.9749,"total":8.9749,"children":null},"WriteActionMask":{"count":500346,"self":3.3797091999999997,"total":3.3797091999999997,"children":null},"RequestDecision":{"count":500346,"self":11.063108,"total":303.154897,"children":{"AgentInfo.ToProto":{"count":500346,"self":11.5531072,"total":292.09178929999996,"children":{"GenerateSensorData":{"count":500346,"self":272.3049728,"total":280.538682,"children":{"RayPerceptionSensor.Perceive":{"count":500346,"self":8.233708,"total":8.2337081,"children":null}}}}}}}}},"DecideAction":{"count":277967,"self":2763.7030912,"total":2763.7031813,"children":null},"AgentAct":{"count":277967,"self":14.606217599999999,"total":14.663077999999999,"children":{"AgentInfo.ToProto":{"count":85,"self":0.0039908999999999995,"total":0.0568607,"children":{"GenerateSensorData":{"count":85,"self":0.051872299999999996,"total":0.052869799999999995,"children":{"RayPerceptionSensor.Perceive":{"count":85,"self":0.0009975,"total":0.0009975,"children":null}}}}}}},"AgentInfo.ToProto":{"count":1113,"self":0.027977099999999998,"total":0.65249819999999992,"children":{"GenerateSensorData":{"count":1113,"self":0.6074491,"total":0.62452109999999994,"children":{"RayPerceptionSensor.Perceive":{"count":1113,"self":0.017072,"total":0.017072,"children":null}}}}}},"gauges":{"SimpleBehavior.CumulativeReward":{"count":1198,"max":5.1,"min":-15.7500257,"runningAverage":1.18873155,"value":2.500001,"weightedAverage":2.9379034}},"metadata":{"timer_format_version":"0.1.0","start_time_seconds":"1622731689","unity_version":"2019.4.21f1","command_line_arguments":"C:\\Program Files\\Unity\\Hub\\Editor\\2019.4.21f1\\Editor\\Unity.exe -projectpath C:\/Users\/Nathaniel\/Documents\/GitHub\/Space-Flotilla -useHub -hubIPC -cloudEnvironment production -hubSessionId d73ec430-b700-11eb-873d-55029280a0f2 -accessToken 8HXRR90a231Wk5T6p0BLNJJbbrhJaj484JnYbGtm_HQ00ff","communication_protocol_version":"1.5.0","com.unity.ml-agents_version":"2.0.0-pre.3","scene_name":"BasicScene","end_time_seconds":"1622736226"}}