{
    "name": "root",
    "gauges": {
        "SimpleBehavior.Policy.Entropy.mean": {
            "value": 3.9337594509124756,
            "min": 3.9337594509124756,
            "max": 3.9840235710144043,
            "count": 10
        },
        "SimpleBehavior.Policy.Entropy.sum": {
            "value": 39321.859375,
            "min": 38967.33203125,
            "max": 41306.35546875,
            "count": 10
        },
        "SimpleBehavior.Environment.EpisodeLength.mean": {
            "value": 230.41666666666666,
            "min": 128.59322033898306,
            "max": 397.72727272727275,
            "count": 10
        },
        "SimpleBehavior.Environment.EpisodeLength.sum": {
            "value": 11060.0,
            "min": 7587.0,
            "max": 11601.0,
            "count": 10
        },
        "SimpleBehavior.Step.mean": {
            "value": 99942.0,
            "min": 9950.0,
            "max": 99942.0,
            "count": 10
        },
        "SimpleBehavior.Step.sum": {
            "value": 99942.0,
            "min": 9950.0,
            "max": 99942.0,
            "count": 10
        },
        "SimpleBehavior.Policy.ExtrinsicValueEstimate.mean": {
            "value": -39.88865661621094,
            "min": -39.88865661621094,
            "max": 0.549406111240387,
            "count": 10
        },
        "SimpleBehavior.Policy.ExtrinsicValueEstimate.sum": {
            "value": -7060.2919921875,
            "min": -7060.2919921875,
            "max": 101.09072875976562,
            "count": 10
        },
        "SimpleBehavior.Environment.CumulativeReward.mean": {
            "value": -195.30833236376444,
            "min": -446.2714282444545,
            "max": -146.71016880617304,
            "count": 10
        },
        "SimpleBehavior.Environment.CumulativeReward.sum": {
            "value": -9374.799953460693,
            "min": -11594.59997177124,
            "max": -8282.299970626831,
            "count": 10
        },
        "SimpleBehavior.Policy.ExtrinsicReward.mean": {
            "value": -195.30833236376444,
            "min": -446.2714282444545,
            "max": -146.71016880617304,
            "count": 10
        },
        "SimpleBehavior.Policy.ExtrinsicReward.sum": {
            "value": -9374.799953460693,
            "min": -11594.59997177124,
            "max": -8282.299970626831,
            "count": 10
        },
        "SimpleBehavior.IsTraining.mean": {
            "value": 1.0,
            "min": 1.0,
            "max": 1.0,
            "count": 10
        },
        "SimpleBehavior.IsTraining.sum": {
            "value": 1.0,
            "min": 1.0,
            "max": 1.0,
            "count": 10
        },
        "SimpleBehavior.Losses.PolicyLoss.mean": {
            "value": 0.015401073727601518,
            "min": 0.015401073727601518,
            "max": 0.018088905394931014,
            "count": 4
        },
        "SimpleBehavior.Losses.PolicyLoss.sum": {
            "value": 0.015401073727601518,
            "min": 0.015401073727601518,
            "max": 0.018088905394931014,
            "count": 4
        },
        "SimpleBehavior.Losses.ValueLoss.mean": {
            "value": 142.09213307698568,
            "min": 142.09213307698568,
            "max": 228.5545654296875,
            "count": 4
        },
        "SimpleBehavior.Losses.ValueLoss.sum": {
            "value": 142.09213307698568,
            "min": 142.09213307698568,
            "max": 228.5545654296875,
            "count": 4
        },
        "SimpleBehavior.Policy.LearningRate.mean": {
            "value": 0.00025078981640340003,
            "min": 0.00025078981640340003,
            "max": 0.000287679004107,
            "count": 4
        },
        "SimpleBehavior.Policy.LearningRate.sum": {
            "value": 0.00025078981640340003,
            "min": 0.00025078981640340003,
            "max": 0.000287679004107,
            "count": 4
        },
        "SimpleBehavior.Policy.Epsilon.mean": {
            "value": 0.18359659999999992,
            "min": 0.18359659999999992,
            "max": 0.19589299999999998,
            "count": 4
        },
        "SimpleBehavior.Policy.Epsilon.sum": {
            "value": 0.18359659999999992,
            "min": 0.18359659999999992,
            "max": 0.19589299999999998,
            "count": 4
        },
        "SimpleBehavior.Policy.Beta.mean": {
            "value": 0.08359824034000003,
            "min": 0.08359824034000003,
            "max": 0.0958934107,
            "count": 4
        },
        "SimpleBehavior.Policy.Beta.sum": {
            "value": 0.08359824034000003,
            "min": 0.08359824034000003,
            "max": 0.0958934107,
            "count": 4
        }
    },
    "metadata": {
        "timer_format_version": "0.1.0",
        "start_time_seconds": "1622802167",
        "python_version": "3.9.2 (tags/v3.9.2:1a79785, Feb 19 2021, 13:44:55) [MSC v.1928 64 bit (AMD64)]",
        "command_line_arguments": "C:\\Users\\kelly\\AppData\\Local\\Programs\\Python\\Python39\\Scripts\\mlagents-learn config/RayBehavior.yaml --run-id=RayWinT1-ver6",
        "mlagents_version": "0.26.0",
        "mlagents_envs_version": "0.26.0",
        "communication_protocol_version": "1.5.0",
        "pytorch_version": "1.7.1+cu110",
        "numpy_version": "1.20.1",
        "end_time_seconds": "1622803121"
    },
    "total": 953.7562411,
    "count": 1,
    "self": 0.01208079999992151,
    "children": {
        "run_training.setup": {
            "total": 0.1600313,
            "count": 1,
            "self": 0.1600313
        },
        "TrainerController.start_learning": {
            "total": 953.5841290000001,
            "count": 1,
            "self": 0.2724874999989879,
            "children": {
                "TrainerController._reset_env": {
                    "total": 12.2002077,
                    "count": 1,
                    "self": 12.2002077
                },
                "TrainerController.advance": {
                    "total": 940.8198232000011,
                    "count": 8857,
                    "self": 0.278463899999565,
                    "children": {
                        "env_step": {
                            "total": 879.3970795999996,
                            "count": 8857,
                            "self": 851.9440398000053,
                            "children": {
                                "SubprocessEnvManager._take_step": {
                                    "total": 27.277829699996353,
                                    "count": 8857,
                                    "self": 0.7375650999959547,
                                    "children": {
                                        "TorchPolicy.evaluate": {
                                            "total": 26.5402646000004,
                                            "count": 8534,
                                            "self": 3.7227100000004967,
                                            "children": {
                                                "TorchPolicy.sample_actions": {
                                                    "total": 22.8175545999999,
                                                    "count": 8534,
                                                    "self": 22.8175545999999
                                                }
                                            }
                                        }
                                    }
                                },
                                "workers": {
                                    "total": 0.175210099997976,
                                    "count": 8856,
                                    "self": 0.0,
                                    "children": {
                                        "worker_root": {
                                            "total": 940.5890113999949,