{
    "name": "root",
    "metadata": {
        "timer_format_version": "0.1.0",
        "start_time_seconds": "1621772641",
        "python_version": "3.9.2 (tags/v3.9.2:1a79785, Feb 19 2021, 13:44:55) [MSC v.1928 64 bit (AMD64)]",
        "command_line_arguments": "C:\\Users\\kelly\\AppData\\Local\\Programs\\Python\\Python39\\Scripts\\mlagents-learn --force",
        "mlagents_version": "0.26.0",
        "mlagents_envs_version": "0.26.0",
        "communication_protocol_version": "1.5.0",
        "pytorch_version": "1.7.1+cu110",
        "numpy_version": "1.20.1",
        "end_time_seconds": "1621772706"
    },
    "total": 64.3856289,
    "count": 1,
    "self": 0.015197399999991035,
    "children": {
        "run_training.setup": {
            "total": 0.0316974000000001,
            "count": 1,
            "self": 0.0316974000000001
        },
        "TrainerController.start_learning": {
            "total": 64.33873410000001,
            "count": 1,
            "self": 0.012961899999936577,
            "children": {
                "TrainerController._reset_env": {
                    "total": 47.9120541,
                    "count": 1,
                    "self": 47.9120541
                },
                "TrainerController.advance": {
                    "total": 16.09374840000008,
                    "count": 594,
                    "self": 0.013015900000077352,
                    "children": {
                        "env_step": {
                            "total": 16.021640599999948,
                            "count": 594,
                            "self": 14.895558700000137,
                            "children": {
                                "SubprocessEnvManager._take_step": {
                                    "total": 1.1178696999998508,
                                    "count": 594,
                                    "self": 0.033168099999848266,
                                    "children": {
                                        "TorchPolicy.evaluate": {
                                            "total": 1.0847016000000025,
                                            "count": 594,
                                            "self": 0.1928664000001632,
                                            "children": {
                                                "TorchPolicy.sample_actions": {
                                                    "total": 0.8918351999998393,
                                                    "count": 594,
                                                    "self": 0.8918351999998393
                                                }
                                            }
                                        }
                                    }
                                },
                                "workers": {
                                    "total": 0.008212199999960035,
                                    "count": 593,
                                    "self": 0.0,
                                    "children": {
                                        "worker_root": {
                                            "total": 16.05327060000007,
                                            "count": 593,
                                            "is_parallel": true,
                                            "self": 1.854972999999994,
                                            "children": {
                                                "steps_from_proto": {
                                                    "total": 0.0005153999999976122,
                                                    "count": 1,
                                                    "is_parallel": true,
                                                    "self": 0.00025909999999385036,
                                                    "children": {
                                                        "_process_rank_one_or_two_observation": {
                                                            "total": 0.00025630000000376185,
                                                            "count": 4,
                                                            "is_parallel": true,
                                                            "self": 0.00025630000000376185
                                                        }
                                                    }
                                                },
                                                "UnityEnvironment.step": {
                                                    "total": 14.197782200000077,
                                                    "count": 593,
                                                    "is_parallel": true,
                                                    "self": 0.04987150000015106,
                                                    "children": {
                                                        "UnityEnvironment._generate_step_input": {
                                                            "total": 0.1220969000001233,
                                                            "count": 593,
                                                            "is_parallel": true,
                                                            "self": 0.1220969000001233
                                                        },
                                                        "communicator.exchange": {
                                                            "total": 13.739653399999789,
                                                            "count": 593,
                                                            "is_parallel": true,
                                                            "self": 13.739653399999789
                                                        },
                                                        "steps_from_proto": {
                                                            "total": 0.2861604000000142,
                                                            "count": 593,
                                                            "is_parallel": true,
                                                            "self": 0.14678449999999543,
                                                            "children": {
                                                                "_process_rank_one_or_two_observation": {
                                                                    "total": 0.13937590000001876,
                                                                    "count": 2372,
                                                                    "is_parallel": true,
                                                                    "self": 0.13937590000001876
                                                                }
                                                            }
                                                        }
                                                    }
                                                }
                                            }
                                        }
                                    }
                                }
                            }
                        },
                        "trainer_advance": {
                            "total": 0.059091900000055375,
                            "count": 593,
                            "self": 0.014824800000027949,
                            "children": {
                                "process_trajectory": {
                                    "total": 0.044267100000027426,
                                    "count": 593,
                                    "self": 0.044267100000027426
                                }
                            }
                        }
                    }
                },