{
    "name": "root",
    "metadata": {
        "timer_format_version": "0.1.0",
        "start_time_seconds": "1622458986",
        "python_version": "3.7.7 (tags/v3.7.7:d7c567b08f, Mar 10 2020, 10:41:24) [MSC v.1900 64 bit (AMD64)]",
        "command_line_arguments": "C:\\Users\\talal\\Desktop\\Uni-AI\\Space-Flotilla\\venv\\Scripts\\mlagents-learn C:\\Users\\talal\\Desktop\\Uni-AI\\Space-Flotilla\\results\\b5\\configuration.yaml --force",
        "mlagents_version": "0.26.0",
        "mlagents_envs_version": "0.26.0",
        "communication_protocol_version": "1.5.0",
        "pytorch_version": "1.7.0+cu110",
        "numpy_version": "1.20.2",
        "end_time_seconds": "1622459199"
    },
    "total": 213.3736055,
    "count": 1,
    "self": 0.005348599999990711,
    "children": {
        "run_training.setup": {
            "total": 0.520532499999999,
            "count": 1,
            "self": 0.520532499999999
        },
        "TrainerController.start_learning": {
            "total": 212.8477244,
            "count": 1,
            "self": 0.06071940000006748,
            "children": {
                "TrainerController._reset_env": {
                    "total": 5.643335800000001,
                    "count": 1,
                    "self": 5.643335800000001
                },
                "TrainerController.advance": {
                    "total": 206.84464249999994,
                    "count": 2555,
                    "self": 0.06486259999846311,
                    "children": {
                        "env_step": {
                            "total": 193.19568970000103,
                            "count": 2555,
                            "self": 187.66045440000073,
                            "children": {
                                "SubprocessEnvManager._take_step": {
                                    "total": 5.497005900000229,
                                    "count": 2555,
                                    "self": 0.1719096999998424,
                                    "children": {
                                        "TorchPolicy.evaluate": {
                                            "total": 5.325096200000386,
                                            "count": 2514,
                                            "self": 0.7739693000002408,
                                            "children": {
                                                "TorchPolicy.sample_actions": {
                                                    "total": 4.5511269000001455,
                                                    "count": 2514,
                                                    "self": 4.5511269000001455
                                                }
                                            }
                                        }
                                    }
                                },
                                "workers": {
                                    "total": 0.0382294000000698,
                                    "count": 2554,
                                    "self": 0.0,
                                    "children": {
                                        "worker_root": {
                                            "total": 146.8266376000004,
                                            "count": 2554,
                                            "is_parallel": true,
                                            "self": 23.81787480000021,
                                            "children": {
                                                "steps_from_proto": {
                                                    "total": 0.006378899999999632,
                                                    "count": 1,
                                                    "is_parallel": true,
                                                    "self": 0.0019454999999988232,
                                                    "children": {
                                                        "_process_rank_one_or_two_observation": {
                                                            "total": 0.004433400000000809,
                                                            "count": 4,
                                                            "is_parallel": true,
                                                            "self": 0.004433400000000809
                                                        }
                                                    }
                                                },
                                                "UnityEnvironment.step": {
                                                    "total": 123.00238390000018,
                                                    "count": 2554,
                                                    "is_parallel": true,
                                                    "self": 0.538345999999521,
                                                    "children": {
                                                        "UnityEnvironment._generate_step_input": {
                                                            "total": 0.7248190000001387,
                                                            "count": 2554,
                                                            "is_parallel": true,
                                                            "self": 0.7248190000001387
                                                        },
                                                        "communicator.exchange": {
                                                            "total": 119.81927900000026,
                                                            "count": 2554,
                                                            "is_parallel": true,
                                                            "self": 119.81927900000026
                                                        },
                                                        "steps_from_proto": {
                                                            "total": 1.919939900000263,
                                                            "count": 2552,
                                                            "is_parallel": true,
                                                            "self": 0.5984989000004566,
                                                            "children": {
                                                                "_process_rank_one_or_two_observation": {
                                                                    "total": 1.3214409999998065,
                                                                    "count": 10208,
                                                                    "is_parallel": true,
                                                                    "self": 1.3214409999998065
                                                                }
                                                            }
                                                        }
                                                    }
                                                }
                                            }
                                        }
                                    }
                                }
                            }
                        },
                        "trainer_advance": {
                            "total": 13.584090200000453,
                            "count": 2554,
                            "self": 0.09463750000078974,
                            "children": {
                                "process_trajectory": {
                                    "total": 3.5093208999996683,
                                    "count": 2554,
                                    "self": 3.5093208999996683
                                },