{
    "name": "root",
    "metadata": {
        "timer_format_version": "0.1.0",
        "start_time_seconds": "1621846814",
        "python_version": "3.7.7 (tags/v3.7.7:d7c567b08f, Mar 10 2020, 10:41:24) [MSC v.1900 64 bit (AMD64)]",
        "command_line_arguments": "C:\\Users\\talal\\Desktop\\Uni-AI\\Space-Flotilla\\venv\\Scripts\\mlagents-learn --run-id=b5",
        "mlagents_version": "0.26.0",
        "mlagents_envs_version": "0.26.0",
        "communication_protocol_version": "1.5.0",
        "pytorch_version": "1.7.0+cu110",
        "numpy_version": "1.20.2",
        "end_time_seconds": "1621846864"
    },
    "total": 50.1899558,
    "count": 1,
    "self": 0.007531999999997652,
    "children": {
        "run_training.setup": {
            "total": 0.22617949999999998,
            "count": 1,
            "self": 0.22617949999999998
        },
        "TrainerController.start_learning": {
            "total": 49.9562443,
            "count": 1,
            "self": 0.06513860000006133,
            "children": {
                "TrainerController._reset_env": {
                    "total": 15.630726200000002,
                    "count": 1,
                    "self": 15.630726200000002
                },
                "TrainerController.advance": {
                    "total": 33.99797299999994,
                    "count": 2891,
                    "self": 0.06728479999971881,
                    "children": {
                        "env_step": {
                            "total": 33.33146300000002,
                            "count": 2891,
                            "self": 27.7777457,
                            "children": {
                                "SubprocessEnvManager._take_step": {
                                    "total": 5.513541800000073,
                                    "count": 2891,
                                    "self": 0.15197039999998552,
                                    "children": {
                                        "TorchPolicy.evaluate": {
                                            "total": 5.361571400000088,
                                            "count": 2871,
                                            "self": 0.8666301999999106,
                                            "children": {
                                                "TorchPolicy.sample_actions": {
                                                    "total": 4.494941200000177,
                                                    "count": 2871,
                                                    "self": 4.494941200000177
                                                }
                                            }
                                        }
                                    }
                                },
                                "workers": {
                                    "total": 0.04017549999994685,
                                    "count": 2890,
                                    "self": 0.0,
                                    "children": {
                                        "worker_root": {
                                            "total": 33.98802089999998,
                                            "count": 2890,
                                            "is_parallel": true,
                                            "self": 9.162394399999897,
                                            "children": {
                                                "steps_from_proto": {
                                                    "total": 0.0005234000000005068,
                                                    "count": 1,
                                                    "is_parallel": true,
                                                    "self": 0.00030880000000088614,
                                                    "children": {
                                                        "_process_rank_one_or_two_observation": {
                                                            "total": 0.00021459999999962065,
                                                            "count": 4,
                                                            "is_parallel": true,
                                                            "self": 0.00021459999999962065
                                                        }
                                                    }
                                                },
                                                "UnityEnvironment.step": {
                                                    "total": 24.825103100000085,
                                                    "count": 2890,
                                                    "is_parallel": true,
                                                    "self": 0.24926810000010136,
                                                    "children": {
                                                        "UnityEnvironment._generate_step_input": {
                                                            "total": 0.210511900000121,
                                                            "count": 2890,
                                                            "is_parallel": true,
                                                            "self": 0.210511900000121
                                                        },
                                                        "communicator.exchange": {
                                                            "total": 23.349641199999958,
                                                            "count": 2890,
                                                            "is_parallel": true,
                                                            "self": 23.349641199999958
                                                        },
                                                        "steps_from_proto": {
                                                            "total": 1.0156818999999047,
                                                            "count": 2890,
                                                            "is_parallel": true,
                                                            "self": 0.5473931000003507,
                                                            "children": {
                                                                "_process_rank_one_or_two_observation": {
                                                                    "total": 0.468288799999554,
                                                                    "count": 11560,
                                                                    "is_parallel": true,
                                                                    "self": 0.468288799999554
                                                                }
                                                            }
                                                        }
                                                    }
                                                }
                                            }
                                        }
                                    }
                                }
                            }
                        },
                        "trainer_advance": {
                            "total": 0.5992252000001947,
                            "count": 2890,
                            "self": 0.08535600000005772,
                            "children": {
                                "process_trajectory": {
                                    "total": 0.513869200000137,
                                    "count": 2890,
                                    "self": 0.513869200000137
                                }
                            }
                        }
                    }
                },