{
    "name": "root",
    "gauges": {
        "SimpleBehavior.Policy.Entropy.mean": {
            "value": 3.932213544845581,
            "min": 3.932213544845581,
            "max": 3.984923839569092,
            "count": 11
        },
        "SimpleBehavior.Policy.Entropy.sum": {
            "value": 39495.15234375,
            "min": 38996.83203125,
            "max": 40980.95703125,
            "count": 11
        },
        "SimpleBehavior.Environment.EpisodeLength.mean": {
            "value": 187.88524590163934,
            "min": 168.1578947368421,
            "max": 471.57142857142856,
            "count": 11
        },
        "SimpleBehavior.Environment.EpisodeLength.sum": {
            "value": 11461.0,
            "min": 6390.0,
            "max": 11461.0,
            "count": 11
        },
        "SimpleBehavior.Step.mean": {
            "value": 109993.0,
            "min": 9948.0,
            "max": 109993.0,
            "count": 11
        },
        "SimpleBehavior.Step.sum": {
            "value": 109993.0,
            "min": 9948.0,
            "max": 109993.0,
            "count": 11
        },
        "SimpleBehavior.Policy.ExtrinsicValueEstimate.mean": {
            "value": -43.691890716552734,
            "min": -43.691890716552734,
            "max": 0.8661259412765503,
            "count": 11
        },
        "SimpleBehavior.Policy.ExtrinsicValueEstimate.sum": {
            "value": -8301.458984375,
            "min": -8301.458984375,
            "max": 149.83978271484375,
            "count": 11
        },
        "SimpleBehavior.Environment.CumulativeReward.mean": {
            "value": -147.32786866485097,
            "min": -600.4357136317661,
            "max": -147.32786866485097,
            "count": 11
        },
        "SimpleBehavior.Environment.CumulativeReward.sum": {
            "value": -8986.999988555908,
            "min": -12609.14998626709,
            "max": -6358.349964141846,
            "count": 11
        },
        "SimpleBehavior.Policy.ExtrinsicReward.mean": {
            "value": -147.32786866485097,
            "min": -600.4357136317661,
            "max": -147.32786866485097,
            "count": 11
        },
        "SimpleBehavior.Policy.ExtrinsicReward.sum": {
            "value": -8986.999988555908,
            "min": -12609.14998626709,
            "max": -6358.349964141846,
            "count": 11
        },
        "SimpleBehavior.IsTraining.mean": {
            "value": 1.0,
            "min": 1.0,
            "max": 1.0,
            "count": 11
        },
        "SimpleBehavior.IsTraining.sum": {
            "value": 1.0,
            "min": 1.0,
            "max": 1.0,
            "count": 11
        },
        "SimpleBehavior.Losses.PolicyLoss.mean": {
            "value": 0.0200240916320278,
            "min": 0.017199567565694452,
            "max": 0.021374896137664714,
            "count": 5
        },
        "SimpleBehavior.Losses.PolicyLoss.sum": {
            "value": 0.0200240916320278,
            "min": 0.017199567565694452,
            "max": 0.021374896137664714,
            "count": 5
        },
        "SimpleBehavior.Losses.ValueLoss.mean": {
            "value": 123.71325200398763,
            "min": 123.71325200398763,
            "max": 253.9986796061198,
            "count": 5
        },
        "SimpleBehavior.Losses.ValueLoss.sum": {
            "value": 123.71325200398763,
            "min": 123.71325200398763,
            "max": 253.9986796061198,
            "count": 5
        },
        "SimpleBehavior.Policy.LearningRate.mean": {
            "value": 0.0002385036204988,
            "min": 0.0002385036204988,
            "max": 0.0002877042040986,
            "count": 5
        },
        "SimpleBehavior.Policy.LearningRate.sum": {
            "value": 0.0002385036204988,
            "min": 0.0002385036204988,
            "max": 0.0002877042040986,
            "count": 5
        },
        "SimpleBehavior.Policy.Epsilon.mean": {
            "value": 0.17950119999999997,
            "min": 0.17950119999999997,
            "max": 0.19590140000000006,
            "count": 5
        },
        "SimpleBehavior.Policy.Epsilon.sum": {
            "value": 0.17950119999999997,
            "min": 0.17950119999999997,
            "max": 0.19590140000000006,
            "count": 5
        },
        "SimpleBehavior.Policy.Beta.mean": {
            "value": 0.07950324988000004,
            "min": 0.07950324988000004,
            "max": 0.09590180985999999,
            "count": 5
        },
        "SimpleBehavior.Policy.Beta.sum": {
            "value": 0.07950324988000004,
            "min": 0.07950324988000004,
            "max": 0.09590180985999999,
            "count": 5
        }
    },
    "metadata": {
        "timer_format_version": "0.1.0",
        "start_time_seconds": "1622799514",
        "python_version": "3.9.2 (tags/v3.9.2:1a79785, Feb 19 2021, 13:44:55) [MSC v.1928 64 bit (AMD64)]",
        "command_line_arguments": "C:\\Users\\kelly\\AppData\\Local\\Programs\\Python\\Python39\\Scripts\\mlagents-learn config/RayBehavior.yaml --run-id=RayWinT1-ver4",
        "mlagents_version": "0.26.0",
        "mlagents_envs_version": "0.26.0",
        "communication_protocol_version": "1.5.0",
        "pytorch_version": "1.7.1+cu110",
        "numpy_version": "1.20.1",
        "end_time_seconds": "1622800695"
    },
    "total": 1180.699424,
    "count": 1,
    "self": 0.017048499999873457,
    "children": {
        "run_training.setup": {
            "total": 0.18421310000000002,
            "count": 1,
            "self": 0.18421310000000002
        },
        "TrainerController.start_learning": {
            "total": 1180.4981624,
            "count": 1,
            "self": 54.046447199998966,
            "children": {
                "TrainerController._reset_env": {
                    "total": 16.7277727,
                    "count": 1,
                    "self": 16.7277727
                },
                "TrainerController.advance": {
                    "total": 1109.435764100001,
                    "count": 9679,
                    "self": 0.3079729999956271,
                    "children": {
                        "env_step": {
                            "total": 1028.2488222000059,
                            "count": 9679,
                            "self": 994.7237768999992,
                            "children": {
                                "SubprocessEnvManager._take_step": {
                                    "total": 33.332199800001675,
                                    "count": 9679,
                                    "self": 0.8856766000020784,
                                    "children": {
                                        "TorchPolicy.evaluate": {
                                            "total": 32.446523199999596,
                                            "count": 9357,
                                            "self": 4.39102290000087,
                                            "children": {
                                                "TorchPolicy.sample_actions": {
                                                    "total": 28.055500299998727,
                                                    "count": 9357,
                                                    "self": 28.055500299998727
                                                }
                                            }
                                        }
                                    }
                                },
                                "workers": {
                                    "total": 0.19284550000497802,
                                    "count": 9678,
                                    "self": 0.0,
                                    "children": {
                                        "worker_root": {
                                            "total": 1109.2035457999896,