{
    "name": "root",
    "metadata": {
        "timer_format_version": "0.1.0",
        "start_time_seconds": "1621912415",
        "python_version": "3.8.2 (tags/v3.8.2:7b3ab59, Feb 25 2020, 23:03:10) [MSC v.1916 64 bit (AMD64)]",
        "command_line_arguments": "C:\\Users\\Nathaniel\\AppData\\Local\\Programs\\Python\\Python38\\Scripts\\mlagents-learn",
        "mlagents_version": "0.26.0",
        "mlagents_envs_version": "0.26.0",
        "communication_protocol_version": "1.5.0",
        "pytorch_version": "1.7.1+cu110",
        "numpy_version": "1.20.3",
        "end_time_seconds": "1621912509"
    },
    "total": 94.2325971,
    "count": 1,
    "self": 0.018891100000004712,
    "children": {
        "run_training.setup": {
            "total": 0.4313256999999986,
            "count": 1,
            "self": 0.4313256999999986
        },
        "TrainerController.start_learning": {
            "total": 93.7823803,
            "count": 1,
            "self": 0.0640962000001366,
            "children": {
                "TrainerController._reset_env": {
                    "total": 42.6902053,
                    "count": 1,
                    "self": 42.6902053
                },
                "TrainerController.advance": {
                    "total": 50.40947179999987,
                    "count": 1458,
                    "self": 0.0658873999999372,
                    "children": {
                        "env_step": {
                            "total": 49.92389580000008,
                            "count": 1458,
                            "self": 34.02420820000039,
                            "children": {
                                "SubprocessEnvManager._take_step": {
                                    "total": 15.858627800000015,
                                    "count": 1458,
                                    "self": 0.19747699999999924,
                                    "children": {
                                        "TorchPolicy.evaluate": {
                                            "total": 15.661150800000016,
                                            "count": 1457,
                                            "self": 3.7749190000000823,
                                            "children": {
                                                "TorchPolicy.sample_actions": {
                                                    "total": 11.886231799999933,
                                                    "count": 1457,
                                                    "self": 11.886231799999933
                                                }
                                            }
                                        }
                                    }
                                },
                                "workers": {
                                    "total": 0.04105979999967957,
                                    "count": 1457,
                                    "self": 0.0,
                                    "children": {
                                        "worker_root": {
                                            "total": 56.522445399999555,
                                            "count": 1457,
                                            "is_parallel": true,
                                            "self": 25.779095399999562,
                                            "children": {
                                                "steps_from_proto": {
                                                    "total": 0.001638899999996113,
                                                    "count": 1,
                                                    "is_parallel": true,
                                                    "self": 0.0006025999999863529,
                                                    "children": {
                                                        "_process_rank_one_or_two_observation": {
                                                            "total": 0.00103630000000976,
                                                            "count": 4,
                                                            "is_parallel": true,
                                                            "self": 0.00103630000000976
                                                        }
                                                    }
                                                },
                                                "UnityEnvironment.step": {
                                                    "total": 30.741711099999996,
                                                    "count": 1457,
                                                    "is_parallel": true,
                                                    "self": 0.25477690000019493,
                                                    "children": {
                                                        "UnityEnvironment._generate_step_input": {
                                                            "total": 0.67212959999992,
                                                            "count": 1457,
                                                            "is_parallel": true,
                                                            "self": 0.67212959999992
                                                        },
                                                        "communicator.exchange": {
                                                            "total": 28.408405500000008,
                                                            "count": 1457,
                                                            "is_parallel": true,
                                                            "self": 28.408405500000008
                                                        },
                                                        "steps_from_proto": {
                                                            "total": 1.4063990999998737,
                                                            "count": 1457,
                                                            "is_parallel": true,
                                                            "self": 0.801629299999334,
                                                            "children": {
                                                                "_process_rank_one_or_two_observation": {
                                                                    "total": 0.6047698000005397,
                                                                    "count": 5828,
                                                                    "is_parallel": true,
                                                                    "self": 0.6047698000005397
                                                                }
                                                            }
                                                        }
                                                    }
                                                }
                                            }
                                        }
                                    }
                                }
                            }
                        },
                        "trainer_advance": {
                            "total": 0.4196885999998514,
                            "count": 1457,
                            "self": 0.06610669999970753,
                            "children": {
                                "process_trajectory": {
                                    "total": 0.3535819000001439,
                                    "count": 1457,
                                    "self": 0.3535819000001439
                                }
                            }
                        }
                    }
                },