{
    "name": "root",
    "gauges": {
        "SimpleBehavior.Policy.Entropy.mean": {
            "value": 3.9862234592437744,
            "min": 3.9862234592437744,
            "max": 3.9867141246795654,
            "count": 2
        },
        "SimpleBehavior.Policy.Entropy.sum": {
            "value": 39320.109375,
            "min": 39320.109375,
            "max": 41908.33984375,
            "count": 2
        },
        "SimpleBehavior.Environment.EpisodeLength.mean": {
            "value": 245.0810810810811,
            "min": 175.93478260869566,
            "max": 245.0810810810811,
            "count": 2
        },
        "SimpleBehavior.Environment.EpisodeLength.sum": {
            "value": 9068.0,
            "min": 8093.0,
            "max": 9068.0,
            "count": 2
        },
        "SimpleBehavior.Step.mean": {
            "value": 19996.0,
            "min": 9995.0,
            "max": 19996.0,
            "count": 2
        },
        "SimpleBehavior.Step.sum": {
            "value": 19996.0,
            "min": 9995.0,
            "max": 19996.0,
            "count": 2
        },
        "SimpleBehavior.Policy.ExtrinsicValueEstimate.mean": {
            "value": -0.37889060378074646,
            "min": -0.46475544571876526,
            "max": -0.37889060378074646,
            "count": 2
        },
        "SimpleBehavior.Policy.ExtrinsicValueEstimate.sum": {
            "value": -65.5480728149414,
            "min": -82.72647094726562,
            "max": -65.5480728149414,
            "count": 2
        },
        "SimpleBehavior.Environment.CumulativeReward.mean": {
            "value": -316.6216216216216,
            "min": -316.6216216216216,
            "max": -203.54347826086956,
            "count": 2
        },
        "SimpleBehavior.Environment.CumulativeReward.sum": {
            "value": -11715.0,
            "min": -11715.0,
            "max": -9363.0,
            "count": 2
        },
        "SimpleBehavior.Policy.ExtrinsicReward.mean": {
            "value": -316.6216216216216,
            "min": -316.6216216216216,
            "max": -203.54347826086956,
            "count": 2
        },
        "SimpleBehavior.Policy.ExtrinsicReward.sum": {
            "value": -11715.0,
            "min": -11715.0,
            "max": -9363.0,
            "count": 2
        },
        "SimpleBehavior.IsTraining.mean": {
            "value": 1.0,
            "min": 1.0,
            "max": 1.0,
            "count": 2
        },
        "SimpleBehavior.IsTraining.sum": {
            "value": 1.0,
            "min": 1.0,
            "max": 1.0,
            "count": 2
        }
    },
    "metadata": {
        "timer_format_version": "0.1.0",
        "start_time_seconds": "1622803588",
        "python_version": "3.9.2 (tags/v3.9.2:1a79785, Feb 19 2021, 13:44:55) [MSC v.1928 64 bit (AMD64)]",
        "command_line_arguments": "C:\\Users\\kelly\\AppData\\Local\\Programs\\Python\\Python39\\Scripts\\mlagents-learn config/RayBehavior.yaml --run-id=RayWinT1-ver7 --force",
        "mlagents_version": "0.26.0",
        "mlagents_envs_version": "0.26.0",
        "communication_protocol_version": "1.5.0",
        "pytorch_version": "1.7.1+cu110",
        "numpy_version": "1.20.1",
        "end_time_seconds": "1622804042"
    },
    "total": 454.37037369999996,
    "count": 1,
    "self": 0.030830399999956626,
    "children": {
        "run_training.setup": {
            "total": 0.1627810999999999,
            "count": 1,
            "self": 0.1627810999999999
        },
        "TrainerController.start_learning": {
            "total": 454.1767622,
            "count": 1,
            "self": 0.060342600000922175,
            "children": {
                "TrainerController._reset_env": {
                    "total": 21.9908859,
                    "count": 1,
                    "self": 21.9908859
                },
                "TrainerController.advance": {
                    "total": 431.8313532999991,
                    "count": 1767,
                    "self": 0.05588730000084752,
                    "children": {
                        "env_step": {
                            "total": 192.39283569999964,
                            "count": 1767,
                            "self": 185.30993299999994,
                            "children": {
                                "SubprocessEnvManager._take_step": {
                                    "total": 7.047369099999759,
                                    "count": 1767,
                                    "self": 0.16194189999853492,
                                    "children": {
                                        "TorchPolicy.evaluate": {
                                            "total": 6.885427200001224,
                                            "count": 1702,
                                            "self": 0.7754806000019272,
                                            "children": {
                                                "TorchPolicy.sample_actions": {
                                                    "total": 6.109946599999297,
                                                    "count": 1702,
                                                    "self": 6.109946599999297
                                                }
                                            }
                                        }
                                    }
                                },
                                "workers": {
                                    "total": 0.03553359999991912,
                                    "count": 1766,
                                    "self": 0.0,
                                    "children": {
                                        "worker_root": {
                                            "total": 431.7734608000004,
                                            "count": 1766,
                                            "is_parallel": true,
                                            "self": 250.56833520000046,
                                            "children": {
                                                "steps_from_proto": {
                                                    "total": 0.0013596999999982984,
                                                    "count": 1,
                                                    "is_parallel": true,
                                                    "self": 0.00040339999999616794,
                                                    "children": {
                                                        "_process_rank_one_or_two_observation": {
                                                            "total": 0.0009563000000021304,
                                                            "count": 4,
                                                            "is_parallel": true,
                                                            "self": 0.0009563000000021304
                                                        }
                                                    }
                                                },
                                                "UnityEnvironment.step": {
                                                    "total": 181.20376589999995,
                                                    "count": 1766,
                                                    "is_parallel": true,
                                                    "self": 0.3366565999980651,
                                                    "children": {
                                                        "UnityEnvironment._generate_step_input": {
                                                            "total": 2.2277472000005467,
                                                            "count": 1766,
                                                            "is_parallel": true,