{
    "name": "root",
    "gauges": {
        "SimpleBehavior.Policy.Entropy.mean": {
            "value": 3.975797653198242,
            "min": 3.975590705871582,
            "max": 3.9877138137817383,
            "count": 4
        },
        "SimpleBehavior.Policy.Entropy.sum": {
            "value": 39551.234375,
            "min": 39551.234375,
            "max": 41105.1484375,
            "count": 4
        },
        "SimpleBehavior.Environment.EpisodeLength.mean": {
            "value": 330.7931034482759,
            "min": 191.83870967741936,
            "max": 330.7931034482759,
            "count": 4
        },
        "SimpleBehavior.Environment.EpisodeLength.sum": {
            "value": 9593.0,
            "min": 5947.0,
            "max": 10772.0,
            "count": 4
        },
        "SimpleBehavior.Step.mean": {
            "value": 39939.0,
            "min": 9946.0,
            "max": 39939.0,
            "count": 4
        },
        "SimpleBehavior.Step.sum": {
            "value": 39939.0,
            "min": 9946.0,
            "max": 39939.0,
            "count": 4
        },
        "SimpleBehavior.Policy.ExtrinsicValueEstimate.mean": {
            "value": -11.755208969116211,
            "min": -11.755208969116211,
            "max": 0.03837689384818077,
            "count": 4
        },
        "SimpleBehavior.Policy.ExtrinsicValueEstimate.sum": {
            "value": -2010.1407470703125,
            "min": -2010.1407470703125,
            "max": 6.524072170257568,
            "count": 4
        },
        "SimpleBehavior.Environment.CumulativeReward.mean": {
            "value": -363.3448275862069,
            "min": -363.3448275862069,
            "max": -216.80645161290323,
            "count": 4
        },
        "SimpleBehavior.Environment.CumulativeReward.sum": {
            "value": -10537.0,
            "min": -12338.0,
            "max": -6721.0,
            "count": 4
        },
        "SimpleBehavior.Policy.ExtrinsicReward.mean": {
            "value": -363.3448275862069,
            "min": -363.3448275862069,
            "max": -216.80645161290323,
            "count": 4
        },
        "SimpleBehavior.Policy.ExtrinsicReward.sum": {
            "value": -10537.0,
            "min": -12338.0,
            "max": -6721.0,
            "count": 4
        },
        "SimpleBehavior.IsTraining.mean": {
            "value": 1.0,
            "min": 1.0,
            "max": 1.0,
            "count": 4
        },
        "SimpleBehavior.IsTraining.sum": {
            "value": 1.0,
            "min": 1.0,
            "max": 1.0,
            "count": 4
        },
        "SimpleBehavior.Losses.PolicyLoss.mean": {
            "value": 0.01297939705934065,
            "min": 0.01297939705934065,
            "max": 0.01297939705934065,
            "count": 1
        },
        "SimpleBehavior.Losses.PolicyLoss.sum": {
            "value": 0.01297939705934065,
            "min": 0.01297939705934065,
            "max": 0.01297939705934065,
            "count": 1
        },
        "SimpleBehavior.Losses.ValueLoss.mean": {
            "value": 364.54530232747396,
            "min": 364.54530232747396,
            "max": 364.54530232747396,
            "count": 1
        },
        "SimpleBehavior.Losses.ValueLoss.sum": {
            "value": 364.54530232747396,
            "min": 364.54530232747396,
            "max": 364.54530232747396,
            "count": 1
        },
        "SimpleBehavior.Policy.LearningRate.mean": {
            "value": 0.0002877066040978,
            "min": 0.0002877066040978,
            "max": 0.0002877066040978,
            "count": 1
        },
        "SimpleBehavior.Policy.LearningRate.sum": {
            "value": 0.0002877066040978,
            "min": 0.0002877066040978,
            "max": 0.0002877066040978,
            "count": 1
        },
        "SimpleBehavior.Policy.Epsilon.mean": {
            "value": 0.1959022,
            "min": 0.1959022,
            "max": 0.1959022,
            "count": 1
        },
        "SimpleBehavior.Policy.Epsilon.sum": {
            "value": 0.1959022,
            "min": 0.1959022,
            "max": 0.1959022,
            "count": 1
        },
        "SimpleBehavior.Policy.Beta.mean": {
            "value": 0.09590260978000001,
            "min": 0.09590260978000001,
            "max": 0.09590260978000001,
            "count": 1
        },
        "SimpleBehavior.Policy.Beta.sum": {
            "value": 0.09590260978000001,
            "min": 0.09590260978000001,
            "max": 0.09590260978000001,
            "count": 1
        }
    },
    "metadata": {
        "timer_format_version": "0.1.0",
        "start_time_seconds": "1622787859",
        "python_version": "3.9.2 (tags/v3.9.2:1a79785, Feb 19 2021, 13:44:55) [MSC v.1928 64 bit (AMD64)]",
        "command_line_arguments": "C:\\Users\\kelly\\AppData\\Local\\Programs\\Python\\Python39\\Scripts\\mlagents-learn config/RayBehavior.yaml --run-id=RayT14",
        "mlagents_version": "0.26.0",
        "mlagents_envs_version": "0.26.0",
        "communication_protocol_version": "1.5.0",
        "pytorch_version": "1.7.1+cu110",
        "numpy_version": "1.20.1",
        "end_time_seconds": "1622788328"
    },
    "total": 469.4710581,
    "count": 1,
    "self": 0.01932360000000699,
    "children": {
        "run_training.setup": {
            "total": 0.15471999999999997,
            "count": 1,
            "self": 0.15471999999999997
        },
        "TrainerController.start_learning": {
            "total": 469.2970145,
            "count": 1,
            "self": 0.13062260000009474,
            "children": {
                "TrainerController._reset_env": {
                    "total": 15.668537,
                    "count": 1,
                    "self": 15.668537
                },
                "TrainerController.advance": {
                    "total": 453.16854649999993,
                    "count": 4030,
                    "self": 0.1254728999992949,
                    "children": {
                        "env_step": {
                            "total": 428.5220616000002,
                            "count": 4030,
                            "self": 415.4665471000003,
                            "children": {
                                "SubprocessEnvManager._take_step": {
                                    "total": 12.974098199999762,
                                    "count": 4030,
                                    "self": 0.34731839999906455,
                                    "children": {
                                        "TorchPolicy.evaluate": {
                                            "total": 12.626779800000698,
                                            "count": 3894,
                                            "self": 1.8333680999992943,
                                            "children": {
                                                "TorchPolicy.sample_actions": {
                                                    "total": 10.793411700001403,
                                                    "count": 3894,
                                                    "self": 10.793411700001403
                                                }
                                            }
                                        }
                                    }
                                },
                                "workers": {
                                    "total": 0.08141630000012867,
                                    "count": 4029,
                                    "self": 0.0,
                                    "children": {
                                        "worker_root": {
                                            "total": 453.0033340000001,
                                            "count": 4029,
                                            "is_parallel": true,